[{"model": "restaurant.restaurant", "pk": 1, "fields": {"title": "Veggie Delight", "description": "A paradise for vegetarians offering the best of Indian flavors.", "rating": "0.00", "cost_for_two": "800.00", "location": "City Center", "address": "123 Veg Street, City Center", "timings": null, "type_of_food": "veg", "cuisines": "indian", "opening_time": "09:00:00", "closing_time": "22:00:00", "owner": 1, "created_at": "2025-01-10T13:27:10.170Z", "updated_at": "2025-01-10T13:27:10.170Z"}}, {"model": "restaurant.restaurant", "pk": 2, "fields": {"title": "Green Taste", "description": "Delicious vegetarian Italian food for all lovers of fresh flavors.", "rating": "0.00", "cost_for_two": "1000.00", "location": "Downtown", "address": "456 Green St, Downtown", "timings": null, "type_of_food": "veg", "cuisines": "italian", "opening_time": "10:00:00", "closing_time": "23:00:00", "owner": 1, "created_at": "2025-01-10T13:27:10.260Z", "updated_at": "2025-01-10T13:27:10.260Z"}}, {"model": "restaurant.restaurant", "pk": 3, "fields": {"title": "Chicken Paradise", "description": "A chicken lover's dream with the best Chinese dishes.", "rating": "0.00", "cost_for_two": "900.00", "location": "East Street", "address": "789 Chicken Lane, East Street", "timings": null, "type_of_food": "non-veg", "cuisines": "chinese", "opening_time": "10:00:00", "closing_time": "23:00:00", "owner": 1, "created_at": "2025-01-10T13:27:10.358Z", "updated_at": "2025-01-10T13:27:10.358Z"}}, {"model": "restaurant.restaurant", "pk": 4, "fields": {"title": "BBQ Heaven", "description": "Enjoy the best of BBQ and Mexican cuisine with juicy flavors.", "rating": "0.00", "cost_for_two": "950.00", "location": "West Side", "address": "101 BBQ Road, West Side", "timings": null, "type_of_food": "non-veg", "cuisines": "mexican", "opening_time": "09:30:00", "closing_time": "22:30:00", "owner": 1, "created_at": "2025-01-10T13:27:10.449Z", "updated_at": "2025-01-10T13:27:10.449Z"}}, {"model": "restaurant.restaurant", "pk": 5, "fields": {"title": "The Green Bowl", "description": "A vegan haven with healthy and nutritious dishes.", "rating": "0.00", "cost_for_two": "800.00", "location": "Healthy Lane", "address": "123 Green Lane, Healthy Lane", "timings": null, "type_of_food": "vegan", "cuisines": "vegan", "opening_time": "08:00:00", "closing_time": "21:00:00", "owner": 1, "created_at": "2025-01-10T13:27:10.548Z", "updated_at": "2025-01-10T13:27:10.548Z"}}, {"model": "restaurant.restaurant", "pk": 6, "fields": {"title": "Plant Power", "description": "A vegan twist on classic continental dishes.", "rating": "0.00", "cost_for_two": "850.00", "location": "Main Street", "address": "456 Plant Avenue, Main Street", "timings": null, "type_of_food": "vegan", "cuisines": "continental", "opening_time": "09:30:00", "closing_time": "22:30:00", "owner": 1, "created_at": "2025-01-10T13:27:10.637Z", "updated_at": "2025-01-10T13:27:10.637Z"}}, {"model": "restaurant.image", "pk": 1, "fields": {"restaurant": 1, "image": "restaurant_images/h-1.jfif", "description": null, "created_at": "2025-01-10T13:28:21.849Z", "updated_at": "2025-01-10T13:28:21.849Z"}}, {"model": "restaurant.image", "pk": 2, "fields": {"restaurant": 1, "image": "restaurant_images/hotel-1-2.jfif", "description": null, "created_at": "2025-01-10T13:28:33.638Z", "updated_at": "2025-01-10T13:28:33.638Z"}}, {"model": "restaurant.image", "pk": 3, "fields": {"restaurant": 2, "image": "restaurant_images/hotel-2-1.jfif", "description": null, "created_at": "2025-01-10T13:28:47.123Z", "updated_at": "2025-01-10T13:28:47.123Z"}}, {"model": "restaurant.image", "pk": 4, "fields": {"restaurant": 2, "image": "restaurant_images/hotel-2-1_3WgLtcH.jfif", "description": null, "created_at": "2025-01-10T13:28:57.077Z", "updated_at": "2025-01-10T13:28:57.077Z"}}, {"model": "restaurant.image", "pk": 5, "fields": {"restaurant": 3, "image": "restaurant_images/h-3-1.jfif", "description": null, "created_at": "2025-01-10T13:29:08.502Z", "updated_at": "2025-01-10T13:29:08.502Z"}}, {"model": "restaurant.image", "pk": 6, "fields": {"restaurant": 3, "image": "restaurant_images/h-3-2.jfif", "description": null, "created_at": "2025-01-10T13:29:16.397Z", "updated_at": "2025-01-10T13:29:16.397Z"}}, {"model": "restaurant.image", "pk": 7, "fields": {"restaurant": 4, "image": "restaurant_images/h-4-1.jfif", "description": null, "created_at": "2025-01-10T13:29:26.393Z", "updated_at": "2025-01-10T13:29:26.393Z"}}, {"model": "restaurant.image", "pk": 8, "fields": {"restaurant": 4, "image": "restaurant_images/h-4-2.jfif", "description": null, "created_at": "2025-01-10T13:29:35.999Z", "updated_at": "2025-01-10T13:29:35.999Z"}}, {"model": "restaurant.image", "pk": 9, "fields": {"restaurant": 5, "image": "restaurant_images/h-5-1.jfif", "description": null, "created_at": "2025-01-10T13:29:44.965Z", "updated_at": "2025-01-10T13:29:44.965Z"}}, {"model": "restaurant.image", "pk": 10, "fields": {"restaurant": 5, "image": "restaurant_images/h-5-2.jfif", "description": null, "created_at": "2025-01-10T13:29:50.740Z", "updated_at": "2025-01-10T13:29:50.740Z"}}, {"model": "restaurant.image", "pk": 11, "fields": {"restaurant": 6, "image": "restaurant_images/h-6-1.jfif", "description": null, "created_at": "2025-01-10T13:29:58.939Z", "updated_at": "2025-01-10T13:29:58.939Z"}}, {"model": "restaurant.image", "pk": 12, "fields": {"restaurant": 6, "image": "restaurant_images/h-6-2.jfif", "description": null, "created_at": "2025-01-10T13:30:06.500Z", "updated_at": "2025-01-10T13:30:06.500Z"}}, {"model": "restaurant.dish", "pk": 1, "fields": {"restaurant": 1, "name": "Paneer Butter Masala", "price": "250.00", "type_of_food": "veg", "created_at": "2025-01-10T13:27:10.207Z", "updated_at": "2025-01-10T13:27:10.207Z"}}, {"model": "restaurant.dish", "pk": 2, "fields": {"restaurant": 1, "name": "Chole Bhature", "price": "200.00", "type_of_food": "veg", "created_at": "2025-01-10T13:27:10.213Z", "updated_at": "2025-01-10T13:27:10.213Z"}}, {"model": "restaurant.dish", "pk": 3, "fields": {"restaurant": 1, "name": "Vegetable Biryani", "price": "180.00", "type_of_food": "veg", "created_at": "2025-01-10T13:27:10.217Z", "updated_at": "2025-01-10T13:27:10.217Z"}}, {"model": "restaurant.dish", "pk": 4, "fields": {"restaurant": 1, "name": "Aloo Gobi", "price": "150.00", "type_of_food": "veg", "created_at": "2025-01-10T13:27:10.221Z", "updated_at": "2025-01-10T13:27:10.221Z"}}, {"model": "restaurant.dish", "pk": 5, "fields": {"restaurant": 1, "name": "Dal Tadka", "price": "120.00", "type_of_food": "veg", "created_at": "2025-01-10T13:27:10.226Z", "updated_at": "2025-01-10T13:27:10.226Z"}}, {"model": "restaurant.dish", "pk": 6, "fields": {"restaurant": 1, "name": "Gobi Manchurian", "price": "220.00", "type_of_food": "veg", "created_at": "2025-01-10T13:27:10.231Z", "updated_at": "2025-01-10T13:27:10.231Z"}}, {"model": "restaurant.dish", "pk": 7, "fields": {"restaurant": 2, "name": "Margherita Pizza", "price": "300.00", "type_of_food": "veg", "created_at": "2025-01-10T13:27:10.298Z", "updated_at": "2025-01-10T13:27:10.298Z"}}, {"model": "restaurant.dish", "pk": 8, "fields": {"restaurant": 2, "name": "Veg Lasagna", "price": "350.00", "type_of_food": "veg", "created_at": "2025-01-10T13:27:10.305Z", "updated_at": "2025-01-10T13:27:10.305Z"}}, {"model": "restaurant.dish", "pk": 9, "fields": {"restaurant": 2, "name": "Spaghetti Aglio e Olio", "price": "180.00", "type_of_food": "veg", "created_at": "2025-01-10T13:27:10.311Z", "updated_at": "2025-01-10T13:27:10.311Z"}}, {"model": "restaurant.dish", "pk": 10, "fields": {"restaurant": 2, "name": "Caprese Salad", "price": "200.00", "type_of_food": "veg", "created_at": "2025-01-10T13:27:10.317Z", "updated_at": "2025-01-10T13:27:10.317Z"}}, {"model": "restaurant.dish", "pk": 11, "fields": {"restaurant": 2, "name": "Mushroom Risotto", "price": "250.00", "type_of_food": "veg", "created_at": "2025-01-10T13:27:10.323Z", "updated_at": "2025-01-10T13:27:10.323Z"}}, {"model": "restaurant.dish", "pk": 12, "fields": {"restaurant": 2, "name": "Fettuccine Alfredo", "price": "280.00", "type_of_food": "veg", "created_at": "2025-01-10T13:27:10.327Z", "updated_at": "2025-01-10T13:27:10.327Z"}}, {"model": "restaurant.dish", "pk": 13, "fields": {"restaurant": 3, "name": "Kung Pao Chicken", "price": "300.00", "type_of_food": "non-veg", "created_at": "2025-01-10T13:27:10.400Z", "updated_at": "2025-01-10T13:27:10.400Z"}}, {"model": "restaurant.dish", "pk": 14, "fields": {"restaurant": 3, "name": "Sweet and Sour Chicken", "price": "280.00", "type_of_food": "non-veg", "created_at": "2025-01-10T13:27:10.404Z", "updated_at": "2025-01-10T13:27:10.404Z"}}, {"model": "restaurant.dish", "pk": 15, "fields": {"restaurant": 3, "name": "Chicken Manchurian", "price": "250.00", "type_of_food": "non-veg", "created_at": "2025-01-10T13:27:10.408Z", "updated_at": "2025-01-10T13:27:10.408Z"}}, {"model": "restaurant.dish", "pk": 16, "fields": {"restaurant": 3, "name": "Hot and Sour Soup", "price": "150.00", "type_of_food": "non-veg", "created_at": "2025-01-10T13:27:10.412Z", "updated_at": "2025-01-10T13:27:10.412Z"}}, {"model": "restaurant.dish", "pk": 17, "fields": {"restaurant": 3, "name": "Crispy Fried Chicken", "price": "220.00", "type_of_food": "non-veg", "created_at": "2025-01-10T13:27:10.416Z", "updated_at": "2025-01-10T13:27:10.416Z"}}, {"model": "restaurant.dish", "pk": 18, "fields": {"restaurant": 3, "name": "Chicken Fried Rice", "price": "200.00", "type_of_food": "non-veg", "created_at": "2025-01-10T13:27:10.420Z", "updated_at": "2025-01-10T13:27:10.420Z"}}, {"model": "restaurant.dish", "pk": 19, "fields": {"restaurant": 4, "name": "Chicken Fajitas", "price": "320.00", "type_of_food": "non-veg", "created_at": "2025-01-10T13:27:10.491Z", "updated_at": "2025-01-10T13:27:10.491Z"}}, {"model": "restaurant.dish", "pk": 20, "fields": {"restaurant": 4, "name": "Beef Tacos", "price": "180.00", "type_of_food": "non-veg", "created_at": "2025-01-10T13:27:10.496Z", "updated_at": "2025-01-10T13:27:10.496Z"}}, {"model": "restaurant.dish", "pk": 21, "fields": {"restaurant": 4, "name": "Barbacoa Burrito", "price": "250.00", "type_of_food": "non-veg", "created_at": "2025-01-10T13:27:10.501Z", "updated_at": "2025-01-10T13:27:10.501Z"}}, {"model": "restaurant.dish", "pk": 22, "fields": {"restaurant": 4, "name": "Grilled Chicken Quesadilla", "price": "270.00", "type_of_food": "non-veg", "created_at": "2025-01-10T13:27:10.507Z", "updated_at": "2025-01-10T13:27:10.507Z"}}, {"model": "restaurant.dish", "pk": 23, "fields": {"restaurant": 4, "name": "Carne Asada", "price": "350.00", "type_of_food": "non-veg", "created_at": "2025-01-10T13:27:10.512Z", "updated_at": "2025-01-10T13:27:10.512Z"}}, {"model": "restaurant.dish", "pk": 24, "fields": {"restaurant": 4, "name": "Nachos with Chicken", "price": "200.00", "type_of_food": "non-veg", "created_at": "2025-01-10T13:27:10.517Z", "updated_at": "2025-01-10T13:27:10.517Z"}}, {"model": "restaurant.dish", "pk": 25, "fields": {"restaurant": 5, "name": "Vegan Buddha Bowl", "price": "250.00", "type_of_food": "vegan", "created_at": "2025-01-10T13:27:10.585Z", "updated_at": "2025-01-10T13:27:10.585Z"}}, {"model": "restaurant.dish", "pk": 26, "fields": {"restaurant": 5, "name": "Avocado Toast", "price": "180.00", "type_of_food": "vegan", "created_at": "2025-01-10T13:27:10.589Z", "updated_at": "2025-01-10T13:27:10.589Z"}}, {"model": "restaurant.dish", "pk": 27, "fields": {"restaurant": 5, "name": "Vegan Tacos", "price": "220.00", "type_of_food": "vegan", "created_at": "2025-01-10T13:27:10.593Z", "updated_at": "2025-01-10T13:27:10.593Z"}}, {"model": "restaurant.dish", "pk": 28, "fields": {"restaurant": 5, "name": "Quinoa Salad", "price": "200.00", "type_of_food": "vegan", "created_at": "2025-01-10T13:27:10.599Z", "updated_at": "2025-01-10T13:27:10.599Z"}}, {"model": "restaurant.dish", "pk": 29, "fields": {"restaurant": 5, "name": "Cauliflower Wings", "price": "170.00", "type_of_food": "vegan", "created_at": "2025-01-10T13:27:10.605Z", "updated_at": "2025-01-10T13:27:10.605Z"}}, {"model": "restaurant.dish", "pk": 30, "fields": {"restaurant": 5, "name": "Vegan Burger", "price": "280.00", "type_of_food": "vegan", "created_at": "2025-01-10T13:27:10.608Z", "updated_at": "2025-01-10T13:27:10.608Z"}}]